date,home_team,away_team,home_score,away_score,tournament,city,country,neutral
2018-01-02,Iraq,United Arab Emirates,0.0,0.0,Gulf Cup,Kuwait City,Kuwait,True
2018-06-15,Egypt,Uruguay,0.0,1.0,FIFA World Cup,Ekaterinburg,Russia,True
2018-06-15,Morocco,Iran,0.0,1.0,FIFA World Cup,Saint Petersburg,Russia,True
2018-06-15,Portugal,Spain,3.0,3.0,FIFA World Cup,Sochi,Russia,True
2018-06-16,France,Australia,2.0,1.0,FIFA World Cup,Kazan,Russia,True
2018-06-16,Peru,Denmark,0.0,1.0,FIFA World Cup,Saransk,Russia,True
2018-06-16,Croatia,Nigeria,2.0,0.0,FIFA World Cup,Kaliningrad,Russia,True
2018-06-17,Costa Rica,Serbia,0.0,1.0,FIFA World Cup,Samara,Russia,True
2018-06-17,Germany,Mexico,0.0,1.0,FIFA World Cup,Moscow,Russia,True
2018-06-17,Brazil,Switzerland,1.0,1.0,FIFA World Cup,Rostov-on-Don,Russia,True
2018-06-18,Belgium,Panama,3.0,0.0,FIFA World Cup,Sochi,Russia,True
2018-06-18,Tunisia,England,1.0,2.0,FIFA World Cup,Volgograd,Russia,True
2018-06-19,Colombia,Japan,1.0,2.0,FIFA World Cup,Saransk,Russia,True
2018-06-19,Poland,Senegal,1.0,2.0,FIFA World Cup,Moscow,Russia,True
2018-06-20,Portugal,Morocco,1.0,0.0,FIFA World Cup,Moscow,Russia,True
2018-06-20,Uruguay,Saudi Arabia,1.0,0.0,FIFA World Cup,Rostov-on-Don,Russia,True
2018-06-20,Iran,Spain,0.0,1.0,FIFA World Cup,Kazan,Russia,True
2018-06-21,Denmark,Australia,1.0,1.0,FIFA World Cup,Samara,Russia,True
2018-06-21,France,Peru,1.0,0.0,FIFA World Cup,Ekaterinburg,Russia,True
2018-06-21,Argentina,Croatia,0.0,3.0,FIFA World Cup,Nizhny Novgorod,Russia,True
2018-06-22,Brazil,Costa Rica,2.0,0.0,FIFA World Cup,Saint Petersburg,Russia,True
2018-06-22,Serbia,Switzerland,1.0,2.0,FIFA World Cup,Kaliningrad,Russia,True
2018-06-23,Belgium,Tunisia,5.0,2.0,FIFA World Cup,Moscow,Russia,True
2018-06-23,South Korea,Mexico,1.0,2.0,FIFA World Cup,Rostov-on-Don,Russia,True
2018-06-24,England,Panama,6.0,1.0,FIFA World Cup,Nizhny Novgorod,Russia,True
2018-06-24,Japan,Senegal,2.0,2.0,FIFA World Cup,Ekaterinburg,Russia,True
2018-06-24,Poland,Colombia,0.0,3.0,FIFA World Cup,Kazan,Russia,True
2018-06-25,Saudi Arabia,Egypt,2.0,1.0,FIFA World Cup,Volgograd,Russia,True
2018-06-25,Spain,Morocco,2.0,2.0,FIFA World Cup,Kaliningrad,Russia,True
2018-06-25,Iran,Portugal,1.0,1.0,FIFA World Cup,Saransk,Russia,True
2018-06-26,Australia,Peru,0.0,2.0,FIFA World Cup,Sochi,Russia,True
2018-06-26,Denmark,France,0.0,0.0,FIFA World Cup,Moscow,Russia,True
2018-06-26,Nigeria,Argentina,1.0,2.0,FIFA World Cup,Saint Petersburg,Russia,True
2018-06-27,South Korea,Germany,2.0,0.0,FIFA World Cup,Kazan,Russia,True
2018-06-27,Serbia,Brazil,0.0,2.0,FIFA World Cup,Moscow,Russia,True
2018-06-27,Switzerland,Costa Rica,2.0,2.0,FIFA World Cup,Nizhny Novgorod,Russia,True
2018-06-28,Japan,Poland,0.0,1.0,FIFA World Cup,Volgograd,Russia,True
2018-06-28,Senegal,Colombia,0.0,1.0,FIFA World Cup,Samara,Russia,True
2018-06-28,Panama,Tunisia,1.0,2.0,FIFA World Cup,Saransk,Russia,True
2018-06-28,England,Belgium,0.0,1.0,FIFA World Cup,Kaliningrad,Russia,True
2018-06-30,France,Argentina,4.0,3.0,FIFA World Cup,Kazan,Russia,True
2018-06-30,Uruguay,Portugal,2.0,1.0,FIFA World Cup,Sochi,Russia,True
2018-07-01,Croatia,Denmark,1.0,1.0,FIFA World Cup,Nizhny Novgorod,Russia,True
2018-07-02,Brazil,Mexico,2.0,0.0,FIFA World Cup,Samara,Russia,True
2018-07-02,Belgium,Japan,3.0,2.0,FIFA World Cup,Rostov-on-Don,Russia,True
2018-07-03,Colombia,England,1.0,1.0,FIFA World Cup,Moscow,Russia,True
2018-07-06,Uruguay,France,0.0,2.0,FIFA World Cup,Nizhny Novgorod,Russia,True
2018-07-06,Brazil,Belgium,1.0,2.0,FIFA World Cup,Kazan,Russia,True
2018-07-10,France,Belgium,1.0,0.0,FIFA World Cup,Saint Petersburg,Russia,True
2018-07-11,Croatia,England,2.0,1.0,FIFA World Cup,Moscow,Russia,True
2018-07-14,Belgium,England,2.0,0.0,FIFA World Cup,Saint Petersburg,Russia,True
2018-07-15,France,Croatia,4.0,2.0,FIFA World Cup,Moscow,Russia,True
2018-09-06,Germany,France,0.0,0.0,UEFA Nations League,Munich,Germany,False
2018-09-06,Czech Republic,Ukraine,1.0,2.0,UEFA Nations League,Uherské Hradiště,Czech Republic,False
2018-09-08,England,Spain,1.0,2.0,UEFA Nations League,London,England,False
2018-09-09,France,Netherlands,2.0,1.0,UEFA Nations League,Paris,France,False
2018-09-11,Spain,Croatia,6.0,0.0,UEFA Nations League,Elche,Spain,False
2018-09-11,Japan,Costa Rica,3.0,0.0,Kirin Challenge Cup,Suita,Japan,False
2018-10-11,Poland,Portugal,2.0,3.0,UEFA Nations League,Chorzów,Poland,False
2018-10-12,Belgium,Switzerland,2.0,1.0,UEFA Nations League,Brussels,Belgium,False
2018-10-12,Croatia,England,0.0,0.0,UEFA Nations League,Rijeka,Croatia,False
2018-10-12,Japan,Panama,3.0,0.0,Kirin Challenge Cup,Niigata,Japan,False
2018-10-13,Netherlands,Germany,3.0,0.0,UEFA Nations League,Amsterdam,Netherlands,False
2018-10-15,Spain,England,2.0,3.0,UEFA Nations League,Seville,Spain,False
2018-10-16,France,Germany,2.0,1.0,UEFA Nations League,Paris,France,False
2018-10-16,Ukraine,Czech Republic,1.0,0.0,UEFA Nations League,Kharkiv,Ukraine,False
2018-10-16,Japan,Uruguay,4.0,3.0,Kirin Challenge Cup,Saitama,Japan,False
2018-10-16,Argentina,Brazil,0.0,1.0,Superclásico de las Américas,Jeddah,Saudi Arabia,True
2018-11-15,Croatia,Spain,3.0,2.0,UEFA Nations League,Zagreb,Croatia,False
2018-11-16,Netherlands,France,2.0,0.0,UEFA Nations League,Rotterdam,Netherlands,False
2018-11-16,Morocco,Cameroon,2.0,0.0,African Cup of Nations qualification,Casablanca,Morocco,False
2018-11-16,Egypt,Tunisia,3.0,2.0,African Cup of Nations qualification,Alexandria,Egypt,False
2018-11-18,Switzerland,Belgium,5.0,2.0,UEFA Nations League,Lucerne,Switzerland,False
2018-11-18,England,Croatia,2.0,1.0,UEFA Nations League,London,England,False
2018-11-19,Germany,Netherlands,2.0,2.0,UEFA Nations League,Gelsenkirchen,Germany,False
2018-11-20,Portugal,Poland,1.0,1.0,UEFA Nations League,Guimarães,Portugal,False
2019-01-16,Iran,Iraq,0.0,0.0,AFC Asian Cup,Dubai,United Arab Emirates,True
2019-01-17,Saudi Arabia,Qatar,0.0,2.0,AFC Asian Cup,Abu Dhabi,United Arab Emirates,True
2019-01-17,Japan,Uzbekistan,2.0,1.0,AFC Asian Cup,Al Ain,United Arab Emirates,True
2019-01-21,Australia,Uzbekistan,0.0,0.0,AFC Asian Cup,Al Ain,United Arab Emirates,True
2019-01-21,Japan,Saudi Arabia,1.0,0.0,AFC Asian Cup,Sharjah,United Arab Emirates,True
2019-01-22,Qatar,Iraq,1.0,0.0,AFC Asian Cup,Abu Dhabi,United Arab Emirates,True
2019-01-25,South Korea,Qatar,0.0,1.0,AFC Asian Cup,Abu Dhabi,United Arab Emirates,True
2019-01-25,United Arab Emirates,Australia,1.0,0.0,AFC Asian Cup,Al Ain,United Arab Emirates,False
2019-01-28,Iran,Japan,0.0,3.0,AFC Asian Cup,Al Ain,United Arab Emirates,True
2019-01-29,United Arab Emirates,Qatar,0.0,4.0,AFC Asian Cup,Abu Dhabi,United Arab Emirates,False
2019-02-01,Japan,Qatar,1.0,3.0,AFC Asian Cup,Abu Dhabi,United Arab Emirates,True
2019-03-21,Austria,Poland,0.0,1.0,UEFA Euro qualification,Vienna,Austria,False
2019-03-22,Japan,Colombia,0.0,1.0,Kirin Challenge Cup,Yokohama,Japan,False
2019-03-22,England,Czech Republic,5.0,0.0,UEFA Euro qualification,London,England,False
2019-03-22,Portugal,Ukraine,0.0,0.0,UEFA Euro qualification,Lisbon,Portugal,False
2019-03-24,Netherlands,Germany,2.0,3.0,UEFA Euro qualification,Amsterdam,Netherlands,False
2019-03-25,Portugal,Serbia,1.0,1.0,UEFA Euro qualification,Lisbon,Portugal,False
2019-03-26,Switzerland,Denmark,3.0,3.0,UEFA Euro qualification,Basel,Switzerland,False
2019-06-05,Portugal,Switzerland,3.0,1.0,UEFA Nations League,Porto,Portugal,False
2019-06-06,England,Netherlands,1.0,3.0,UEFA Nations League,Guimarães,Portugal,True
2019-06-07,Ukraine,Serbia,5.0,0.0,UEFA Euro qualification,Lviv,Ukraine,False
2019-06-08,Turkey,France,2.0,0.0,UEFA Euro qualification,Konya,Turkey,False
2019-06-09,Switzerland,England,0.0,0.0,UEFA Nations League,Guimarães,Portugal,True
2019-06-09,Portugal,Netherlands,1.0,0.0,UEFA Nations League,Porto,Portugal,False
2019-06-15,Argentina,Colombia,0.0,2.0,Copa América,Salvador,Brazil,True
2019-06-16,Uruguay,Ecuador,4.0,0.0,Copa América,Belo Horizonte,Brazil,True
2019-06-17,Japan,Chile,0.0,4.0,Copa América,São Paulo,Brazil,True
2019-06-19,Colombia,Qatar,1.0,0.0,Copa América,São Paulo,Brazil,True
2019-06-19,Mexico,Canada,3.0,1.0,Gold Cup,Denver,United States,True
2019-06-20,Uruguay,Japan,2.0,2.0,Copa América,Porto Alegre,Brazil,True
2019-06-21,Ecuador,Chile,1.0,2.0,Copa América,Salvador,Brazil,True
2019-06-22,Brazil,Peru,5.0,0.0,Copa América,São Paulo,Brazil,False
2019-06-23,Qatar,Argentina,0.0,2.0,Copa América,Porto Alegre,Brazil,True
2019-06-24,Chile,Uruguay,0.0,1.0,Copa América,Rio de Janeiro,Brazil,True
2019-06-24,Ecuador,Japan,1.0,1.0,Copa América,Belo Horizonte,Brazil,True
2019-06-27,Senegal,Algeria,0.0,1.0,African Cup of Nations,Cairo,Egypt,True
2019-06-28,Morocco,Ivory Coast,1.0,0.0,African Cup of Nations,Cairo,Egypt,True
2019-06-28,Colombia,Chile,0.0,0.0,Copa América,São Paulo,Brazil,True
2019-06-29,Cameroon,Ghana,0.0,0.0,African Cup of Nations,Ismailia,Egypt,True
2019-06-29,Uruguay,Peru,0.0,0.0,Copa América,Salvador,Brazil,True
2019-06-29,Mexico,Costa Rica,1.0,1.0,Gold Cup,Houston,United States,True
2019-06-30,Jamaica,Panama,1.0,0.0,Gold Cup,Philadelphia,United States,True
2019-07-02,Brazil,Argentina,2.0,0.0,Copa América,Belo Horizonte,Brazil,False
2019-07-03,Chile,Peru,0.0,3.0,Copa América,Porto Alegre,Brazil,True
2019-07-06,Nigeria,Cameroon,3.0,2.0,African Cup of Nations,Alexandria,Egypt,True
2019-07-06,Argentina,Chile,2.0,1.0,Copa América,São Paulo,Brazil,True
2019-07-07,Brazil,Peru,3.0,1.0,Copa América,Rio de Janeiro,Brazil,False
2019-07-08,Ghana,Tunisia,1.0,1.0,African Cup of Nations,Ismailia,Egypt,True
2019-07-11,Ivory Coast,Algeria,1.0,1.0,African Cup of Nations,Suez,Egypt,True
2019-07-14,Algeria,Nigeria,2.0,1.0,African Cup of Nations,Cairo,Egypt,True
2019-07-14,Senegal,Tunisia,1.0,0.0,African Cup of Nations,Cairo,Egypt,True
2019-07-17,Tunisia,Nigeria,0.0,1.0,African Cup of Nations,Cairo,Egypt,True
2019-07-19,Senegal,Algeria,0.0,1.0,African Cup of Nations,Cairo,Egypt,True
2019-09-06,Germany,Netherlands,2.0,4.0,UEFA Euro qualification,Hamburg,Germany,False
2019-09-07,Serbia,Portugal,2.0,4.0,UEFA Euro qualification,Belgrade,Serbia,False
2019-09-09,Poland,Austria,0.0,0.0,UEFA Euro qualification,Warsaw,Poland,False
2019-10-11,Czech Republic,England,2.0,1.0,UEFA Euro qualification,Prague,Czech Republic,False
2019-10-12,Denmark,Switzerland,1.0,0.0,UEFA Euro qualification,Copenhagen,Denmark,False
2019-10-14,Ukraine,Portugal,2.0,1.0,UEFA Euro qualification,Kyiv,Ukraine,False
2019-10-14,France,Turkey,1.0,1.0,UEFA Euro qualification,Paris,France,False
2019-10-15,Mexico,Panama,3.0,1.0,CONCACAF Nations League,Mexico City,Mexico,False
2019-11-14,Iraq,Iran,2.0,1.0,FIFA World Cup qualification,Amman,Jordan,True
2019-11-14,Uzbekistan,Saudi Arabia,2.0,3.0,FIFA World Cup qualification,Tashkent,Uzbekistan,False
2019-11-15,Brazil,Argentina,0.0,1.0,Superclásico de las Américas,Riyadh,Saudi Arabia,True
2019-11-15,Panama,Mexico,0.0,3.0,CONCACAF Nations League,Panama City,Panama,False
2019-11-17,Serbia,Ukraine,2.0,2.0,UEFA Euro qualification,Belgrade,Serbia,False
2019-11-26,Qatar,Iraq,1.0,2.0,Gulf Cup,Doha,Qatar,False
2019-11-29,United Arab Emirates,Iraq,0.0,2.0,Gulf Cup,Doha,Qatar,True
2019-12-02,Qatar,United Arab Emirates,4.0,2.0,Gulf Cup,Doha,Qatar,False
2019-12-05,Qatar,Saudi Arabia,0.0,1.0,Gulf Cup,Al Wakrah,Qatar,False
2019-12-18,South Korea,Japan,1.0,0.0,EAFF Championship,Busan,South Korea,False
2020-09-03,Germany,Spain,1.0,1.0,UEFA Nations League,Stuttgart,Germany,False
2020-09-03,Ukraine,Switzerland,2.0,1.0,UEFA Nations League,Lviv,Ukraine,False
2020-09-04,Netherlands,Poland,1.0,0.0,UEFA Nations League,Amsterdam,Netherlands,False
2020-09-05,Denmark,Belgium,0.0,2.0,UEFA Nations League,Copenhagen,Denmark,False
2020-09-05,Portugal,Croatia,4.0,1.0,UEFA Nations League,Porto,Portugal,False
2020-09-06,Spain,Ukraine,4.0,0.0,UEFA Nations League,Madrid,Spain,False
2020-09-06,Switzerland,Germany,1.0,1.0,UEFA Nations League,Basel,Switzerland,False
2020-09-06,Serbia,Turkey,0.0,0.0,UEFA Nations League,Belgrade,Serbia,False
2020-09-08,Denmark,England,0.0,0.0,UEFA Nations League,Copenhagen,Denmark,False
2020-09-08,France,Croatia,4.0,2.0,UEFA Nations League,Paris,France,False
2020-10-08,Uruguay,Chile,2.0,1.0,FIFA World Cup qualification,Montevideo,Uruguay,False
2020-10-08,Argentina,Ecuador,1.0,0.0,FIFA World Cup qualification,Buenos Aires,Argentina,False
2020-10-10,Spain,Switzerland,1.0,0.0,UEFA Nations League,Madrid,Spain,False
2020-10-10,Ukraine,Germany,1.0,2.0,UEFA Nations League,Kyiv,Ukraine,False
2020-10-11,England,Belgium,2.0,1.0,UEFA Nations League,London,England,False
2020-10-11,France,Portugal,0.0,0.0,UEFA Nations League,Paris,France,False
2020-10-13,Germany,Switzerland,3.0,3.0,UEFA Nations League,Cologne,Germany,False
2020-10-13,Ukraine,Spain,1.0,0.0,UEFA Nations League,Kyiv,Ukraine,False
2020-10-13,Ecuador,Uruguay,4.0,2.0,FIFA World Cup qualification,Quito,Ecuador,False
2020-10-13,Peru,Brazil,2.0,4.0,FIFA World Cup qualification,Lima,Peru,False
2020-10-13,Chile,Colombia,2.0,2.0,FIFA World Cup qualification,Santiago,Chile,False
2020-10-14,England,Denmark,0.0,1.0,UEFA Nations League,London,England,False
2020-10-14,Croatia,France,1.0,2.0,UEFA Nations League,Zagreb,Croatia,False
2020-10-14,Turkey,Serbia,2.0,2.0,UEFA Nations League,Istanbul,Turkey,False
2020-11-13,Colombia,Uruguay,0.0,3.0,FIFA World Cup qualification,Barranquilla,Colombia,False
2020-11-13,Chile,Peru,2.0,0.0,FIFA World Cup qualification,Santiago,Chile,False
2020-11-14,Portugal,France,0.0,1.0,UEFA Nations League,Lisbon,Portugal,False
2020-11-14,Germany,Ukraine,3.0,1.0,UEFA Nations League,Leipzig,Germany,False
2020-11-14,Switzerland,Spain,1.0,1.0,UEFA Nations League,Basel,Switzerland,False
2020-11-15,Belgium,England,2.0,0.0,UEFA Nations League,Leuven,Belgium,False
2020-11-17,Croatia,Portugal,2.0,3.0,UEFA Nations League,Split,Croatia,False
2020-11-17,Spain,Germany,6.0,0.0,UEFA Nations League,Seville,Spain,False
2020-11-17,Switzerland,Ukraine,3.0,0.0,UEFA Nations League,Lucerne,Switzerland,False
2020-11-17,Ecuador,Colombia,6.0,1.0,FIFA World Cup qualification,Quito,Ecuador,False
2020-11-17,Peru,Argentina,0.0,2.0,FIFA World Cup qualification,Lima,Peru,False
2020-11-17,Uruguay,Brazil,0.0,2.0,FIFA World Cup qualification,Montevideo,Uruguay,False
2020-11-18,Poland,Netherlands,1.0,2.0,UEFA Nations League,Chorzów,Poland,False
2020-11-18,Belgium,Denmark,4.0,2.0,UEFA Nations League,Leuven,Belgium,False
2021-03-24,France,Ukraine,1.0,1.0,FIFA World Cup qualification,Paris,France,False
2021-03-24,Turkey,Netherlands,4.0,2.0,FIFA World Cup qualification,Istanbul,Turkey,False
2021-03-27,Serbia,Portugal,2.0,2.0,FIFA World Cup qualification,Belgrade,Serbia,False
2021-03-27,Czech Republic,Belgium,1.0,1.0,FIFA World Cup qualification,Prague,Czech Republic,False
2021-03-31,Austria,Denmark,0.0,4.0,FIFA World Cup qualification,Vienna,Austria,False
2021-03-31,England,Poland,2.0,1.0,FIFA World Cup qualification,London,England,False
2021-06-03,Mexico,Costa Rica,0.0,0.0,CONCACAF Nations League,Denver,United States,True
2021-06-03,Argentina,Chile,1.0,1.0,FIFA World Cup qualification,Santiago del Estero,Argentina,False
2021-06-03,Peru,Colombia,0.0,3.0,FIFA World Cup qualification,Lima,Peru,False
2021-06-04,Brazil,Ecuador,2.0,0.0,FIFA World Cup qualification,Porto Alegre,Brazil,False
2021-06-08,Ecuador,Peru,1.0,2.0,FIFA World Cup qualification,Quito,Ecuador,False
2021-06-08,Colombia,Argentina,2.0,2.0,FIFA World Cup qualification,Barranquilla,Colombia,False
2021-06-11,Japan,Serbia,1.0,0.0,Kirin Challenge Cup,Kobe,Japan,False
2021-06-13,Netherlands,Ukraine,3.0,2.0,UEFA Euro,Amsterdam,Netherlands,False
2021-06-13,England,Croatia,1.0,0.0,UEFA Euro,London,England,False
2021-06-13,Colombia,Ecuador,1.0,0.0,Copa América,Cuiabá,Brazil,True
2021-06-14,Argentina,Chile,1.0,1.0,Copa América,Rio de Janeiro,Brazil,True
2021-06-15,Iran,Iraq,1.0,0.0,FIFA World Cup qualification,Arad,Iran,False
2021-06-15,Saudi Arabia,Uzbekistan,3.0,0.0,FIFA World Cup qualification,Riyadh,Saudi Arabia,False
2021-06-15,Germany,France,0.0,1.0,UEFA Euro,Munich,Germany,False
2021-06-17,Denmark,Belgium,1.0,2.0,UEFA Euro,Copenhagen,Denmark,False
2021-06-17,Netherlands,Austria,2.0,0.0,UEFA Euro,Amsterdam,Netherlands,False
2021-06-17,Brazil,Peru,4.0,0.0,Copa América,Rio de Janeiro,Brazil,False
2021-06-18,Croatia,Czech Republic,1.0,1.0,UEFA Euro,Glasgow,Scotland,True
2021-06-18,Argentina,Uruguay,1.0,0.0,Copa América,Brasília,Brazil,True
2021-06-19,Spain,Poland,1.0,1.0,UEFA Euro,Seville,Spain,False
2021-06-19,Germany,Portugal,4.0,2.0,UEFA Euro,Munich,Germany,False
2021-06-20,Switzerland,Turkey,3.0,1.0,UEFA Euro,Baku,Azerbaijan,True
2021-06-20,Colombia,Peru,1.0,2.0,Copa América,Goiânia,Brazil,True
2021-06-21,Ukraine,Austria,0.0,1.0,UEFA Euro,Bucharest,Romania,True
2021-06-21,Uruguay,Chile,1.0,1.0,Copa América,Cuiabá,Brazil,True
2021-06-22,England,Czech Republic,1.0,0.0,UEFA Euro,London,England,False
2021-06-23,Portugal,France,2.0,2.0,UEFA Euro,Budapest,Hungary,True
2021-06-23,Ecuador,Peru,2.0,2.0,Copa América,Goiânia,Brazil,True
2021-06-23,Brazil,Colombia,2.0,1.0,Copa América,Rio de Janeiro,Brazil,False
2021-06-27,Netherlands,Czech Republic,0.0,2.0,UEFA Euro,Budapest,Hungary,True
2021-06-27,Belgium,Portugal,1.0,0.0,UEFA Euro,Seville,Spain,True
2021-06-27,Brazil,Ecuador,1.0,1.0,Copa América,Goiânia,Brazil,False
2021-06-28,Croatia,Spain,3.0,5.0,UEFA Euro,Copenhagen,Denmark,True
2021-06-28,France,Switzerland,3.0,3.0,UEFA Euro,Bucharest,Romania,True
2021-06-29,England,Germany,2.0,0.0,UEFA Euro,London,England,False
2021-07-02,Switzerland,Spain,1.0,1.0,UEFA Euro,Saint Petersburg,Russia,True
2021-07-02,Brazil,Chile,1.0,0.0,Copa América,Rio de Janeiro,Brazil,False
2021-07-03,Czech Republic,Denmark,1.0,2.0,UEFA Euro,Baku,Azerbaijan,True
2021-07-03,Ukraine,England,0.0,4.0,UEFA Euro,Rome,Italy,True
2021-07-03,Uruguay,Colombia,0.0,0.0,Copa América,Brasília,Brazil,True
2021-07-03,Argentina,Ecuador,3.0,0.0,Copa América,Goiânia,Brazil,True
2021-07-05,Brazil,Peru,1.0,0.0,Copa América,Rio de Janeiro,Brazil,False
2021-07-06,Argentina,Colombia,1.0,1.0,Copa América,Brasília,Brazil,True
2021-07-07,England,Denmark,2.0,1.0,UEFA Euro,London,England,False
2021-07-09,Peru,Colombia,2.0,3.0,Copa América,Brasília,Brazil,True
2021-07-10,Brazil,Argentina,0.0,1.0,Copa América,Rio de Janeiro,Brazil,False
2021-07-13,Qatar,Panama,3.0,3.0,Gold Cup,Houston,United States,True
2021-07-20,Costa Rica,Jamaica,1.0,0.0,Gold Cup,Orlando,United States,True
2021-07-25,Costa Rica,Canada,0.0,2.0,Gold Cup,Arlington,United States,True
2021-07-29,Mexico,Canada,2.0,1.0,Gold Cup,Houston,United States,True
2021-09-02,South Korea,Iraq,0.0,0.0,FIFA World Cup qualification,Seoul,South Korea,False
2021-09-02,Peru,Uruguay,1.0,1.0,FIFA World Cup qualification,Lima,Peru,False
2021-09-02,Chile,Brazil,0.0,1.0,FIFA World Cup qualification,Santiago,Chile,False
2021-09-02,Panama,Costa Rica,0.0,0.0,FIFA World Cup qualification,Panama City,Panama,False
2021-09-02,Mexico,Jamaica,2.0,1.0,FIFA World Cup qualification,Mexico City,Mexico,False
2021-09-04,Ukraine,France,1.0,1.0,FIFA World Cup qualification,Kyiv,Ukraine,False
2021-09-05,Belgium,Czech Republic,3.0,0.0,FIFA World Cup qualification,Brussels,Belgium,False
2021-09-05,Ecuador,Chile,0.0,0.0,FIFA World Cup qualification,Quito,Ecuador,False
2021-09-05,Costa Rica,Mexico,0.0,1.0,FIFA World Cup qualification,San José,Costa Rica,False
2021-09-05,Jamaica,Panama,0.0,3.0,FIFA World Cup qualification,Kingston,Jamaica,False
2021-09-06,Ivory Coast,Cameroon,2.0,1.0,FIFA World Cup qualification,Abidjan,Ivory Coast,False
2021-09-07,Iraq,Iran,0.0,3.0,FIFA World Cup qualification,Doha,Qatar,True
2021-09-07,Netherlands,Turkey,6.0,1.0,FIFA World Cup qualification,Amsterdam,Netherlands,False
2021-09-08,Poland,England,1.0,1.0,FIFA World Cup qualification,Warsaw,Poland,False
2021-09-08,Costa Rica,Jamaica,1.0,1.0,FIFA World Cup qualification,San José,Costa Rica,False
2021-09-08,Panama,Mexico,1.0,1.0,FIFA World Cup qualification,Panama City,Panama,False
2021-09-09,Colombia,Chile,3.0,1.0,FIFA World Cup qualification,Barranquilla,Colombia,False
2021-09-09,Uruguay,Ecuador,1.0,0.0,FIFA World Cup qualification,Montevideo,Uruguay,False
2021-09-09,Brazil,Peru,2.0,0.0,FIFA World Cup qualification,Recife,Brazil,False
2021-10-07,United Arab Emirates,Iran,0.0,1.0,FIFA World Cup qualification,Dubai,United Arab Emirates,False
2021-10-07,Saudi Arabia,Japan,1.0,0.0,FIFA World Cup qualification,Jeddah,Saudi Arabia,False
2021-10-07,Mexico,Canada,1.0,1.0,FIFA World Cup qualification,Mexico City,Mexico,False
2021-10-07,Peru,Chile,2.0,0.0,FIFA World Cup qualification,Lima,Peru,False
2021-10-07,Uruguay,Colombia,0.0,0.0,FIFA World Cup qualification,Montevideo,Uruguay,False
2021-10-07,Belgium,France,2.0,3.0,UEFA Nations League,Turin,Italy,True
2021-10-10,Jamaica,Canada,0.0,0.0,FIFA World Cup qualification,Kingston,Jamaica,False
2021-10-10,Colombia,Brazil,0.0,0.0,FIFA World Cup qualification,Barranquilla,Colombia,False
2021-10-10,Argentina,Uruguay,3.0,0.0,FIFA World Cup qualification,Buenos Aires,Argentina,False
2021-10-10,Spain,France,1.0,2.0,UEFA Nations League,Milan,Italy,True
2021-10-12,Iran,South Korea,1.0,1.0,FIFA World Cup qualification,Tehran,Iran,False
2021-10-12,United Arab Emirates,Iraq,2.0,2.0,FIFA World Cup qualification,Dubai,United Arab Emirates,False
2021-10-12,Japan,Australia,2.0,1.0,FIFA World Cup qualification,Saitama,Japan,False
2021-10-12,Denmark,Austria,1.0,0.0,FIFA World Cup qualification,Copenhagen,Denmark,False
2021-10-13,Canada,Panama,4.0,1.0,FIFA World Cup qualification,Toronto,Canada,False
2021-10-14,Colombia,Ecuador,0.0,0.0,FIFA World Cup qualification,Barranquilla,Colombia,False
2021-10-14,Argentina,Peru,1.0,0.0,FIFA World Cup qualification,Buenos Aires,Argentina,False
2021-10-14,Brazil,Uruguay,4.0,1.0,FIFA World Cup qualification,Manaus,Brazil,False
2021-11-11,South Korea,United Arab Emirates,1.0,0.0,FIFA World Cup qualification,Goyang,South Korea,False
2021-11-11,Australia,Saudi Arabia,0.0,0.0,FIFA World Cup qualification,Sydney,Australia,False
2021-11-11,Brazil,Colombia,1.0,0.0,FIFA World Cup qualification,São Paulo,Brazil,False
2021-11-12,Canada,Costa Rica,1.0,0.0,FIFA World Cup qualification,Edmonton,Canada,False
2021-11-12,Uruguay,Argentina,0.0,1.0,FIFA World Cup qualification,Montevideo,Uruguay,False
2021-11-14,Portugal,Serbia,1.0,2.0,FIFA World Cup qualification,Lisbon,Portugal,False
2021-11-16,Cameroon,Ivory Coast,1.0,0.0,FIFA World Cup qualification,Douala,Cameroon,False
2021-11-16,Iraq,South Korea,0.0,3.0,FIFA World Cup qualification,Al Rayyan,Qatar,True
2021-11-16,Canada,Mexico,2.0,1.0,FIFA World Cup qualification,Edmonton,Canada,False
2021-11-16,Argentina,Brazil,0.0,0.0,FIFA World Cup qualification,San Juan,Argentina,False
2021-11-16,Chile,Ecuador,0.0,2.0,FIFA World Cup qualification,Santiago,Chile,False
2021-12-06,Qatar,Iraq,3.0,0.0,Arab Cup,Al Khor,Qatar,False
2021-12-06,Tunisia,United Arab Emirates,1.0,0.0,Arab Cup,Doha,Qatar,True
2021-12-07,Morocco,Saudi Arabia,1.0,0.0,Arab Cup,Doha,Qatar,True
2021-12-07,Algeria,Egypt,1.0,1.0,Arab Cup,Al Wakrah,Qatar,True
2021-12-10,Qatar,United Arab Emirates,5.0,0.0,Arab Cup,Al Khor,Qatar,False
2021-12-11,Morocco,Algeria,2.0,2.0,Arab Cup,Doha,Qatar,True
2021-12-15,Tunisia,Egypt,1.0,0.0,Arab Cup,Doha,Qatar,True
2021-12-15,Qatar,Algeria,1.0,2.0,Arab Cup,Doha,Qatar,False
2021-12-18,Qatar,Egypt,0.0,0.0,Arab Cup,Doha,Qatar,False
2021-12-18,Tunisia,Algeria,0.0,2.0,Arab Cup,Al Khor,Qatar,True
2022-01-10,Morocco,Ghana,1.0,0.0,African Cup of Nations,Yaoundé,Cameroon,True
2022-01-11,Nigeria,Egypt,1.0,0.0,African Cup of Nations,Garoua,Cameroon,True
2022-01-20,Ivory Coast,Algeria,3.0,1.0,African Cup of Nations,Douala,Cameroon,True
2022-01-23,Nigeria,Tunisia,0.0,1.0,African Cup of Nations,Garoua,Cameroon,True
2022-01-26,Ivory Coast,Egypt,0.0,0.0,African Cup of Nations,Douala,Cameroon,True
2022-01-27,Jamaica,Mexico,1.0,2.0,FIFA World Cup qualification,Kingston,Jamaica,False
2022-01-27,Costa Rica,Panama,1.0,0.0,FIFA World Cup qualification,San José,Costa Rica,False
2022-01-27,Iran,Iraq,1.0,0.0,FIFA World Cup qualification,Tehran,Iran,False
2022-01-27,Ecuador,Brazil,1.0,1.0,FIFA World Cup qualification,Quito,Ecuador,False
2022-01-27,Chile,Argentina,1.0,2.0,FIFA World Cup qualification,Calama,Chile,False
2022-01-28,Colombia,Peru,0.0,1.0,FIFA World Cup qualification,Barranquilla,Colombia,False
2022-01-30,Egypt,Morocco,2.0,1.0,African Cup of Nations,Yaoundé,Cameroon,True
2022-01-30,Mexico,Costa Rica,0.0,0.0,FIFA World Cup qualification,Mexico City,Mexico,False
2022-01-30,Panama,Jamaica,3.0,2.0,FIFA World Cup qualification,Panama City,Panama,False
2022-02-01,Iran,United Arab Emirates,1.0,0.0,FIFA World Cup qualification,Tehran,Iran,False
2022-02-01,Japan,Saudi Arabia,2.0,0.0,FIFA World Cup qualification,Saitama,Japan,False
2022-02-01,Argentina,Colombia,1.0,0.0,FIFA World Cup qualification,Córdoba,Argentina,False
2022-02-01,Peru,Ecuador,1.0,1.0,FIFA World Cup qualification,Lima,Peru,False
2022-02-02,Jamaica,Costa Rica,0.0,1.0,FIFA World Cup qualification,Kingston,Jamaica,False
2022-02-02,Mexico,Panama,1.0,0.0,FIFA World Cup qualification,Mexico City,Mexico,False
2022-02-03,Cameroon,Egypt,0.0,0.0,African Cup of Nations,Yaoundé,Cameroon,False
2022-02-06,Senegal,Egypt,0.0,0.0,African Cup of Nations,Yaoundé,Cameroon,True
2022-03-24,Costa Rica,Canada,1.0,0.0,FIFA World Cup qualification,San José,Costa Rica,False
2022-03-24,Iraq,United Arab Emirates,1.0,0.0,FIFA World Cup qualification,Riyadh,Saudi Arabia,True
2022-03-24,South Korea,Iran,2.0,0.0,FIFA World Cup qualification,Seoul,South Korea,False
2022-03-24,Australia,Japan,0.0,2.0,FIFA World Cup qualification,Sydney,Australia,False
2022-03-24,Brazil,Chile,4.0,0.0,FIFA World Cup qualification,Rio de Janeiro,Brazil,False
2022-03-24,Uruguay,Peru,1.0,0.0,FIFA World Cup qualification,Montevideo,Uruguay,False
2022-03-24,Portugal,Turkey,3.0,1.0,FIFA World Cup qualification,Porto,Portugal,False
2022-03-25,Cameroon,Algeria,0.0,1.0,FIFA World Cup qualification,Douala,Cameroon,False
2022-03-25,Egypt,Senegal,1.0,0.0,FIFA World Cup qualification,Cairo,Egypt,False
2022-03-25,Ghana,Nigeria,0.0,0.0,FIFA World Cup qualification,Kumasi,Ghana,False
2022-03-27,Canada,Jamaica,4.0,0.0,FIFA World Cup qualification,Toronto,Canada,False
2022-03-29,Algeria,Cameroon,1.0,2.0,FIFA World Cup qualification,Blida,Algeria,False
2022-03-29,Nigeria,Ghana,1.0,1.0,FIFA World Cup qualification,Abuja,Nigeria,False
2022-03-29,Senegal,Egypt,1.0,0.0,FIFA World Cup qualification,Diamniadio,Senegal,False
2022-03-29,United Arab Emirates,South Korea,1.0,0.0,FIFA World Cup qualification,Dubai,United Arab Emirates,False
2022-03-29,Saudi Arabia,Australia,1.0,0.0,FIFA World Cup qualification,Jeddah,Saudi Arabia,False
2022-03-29,Ecuador,Argentina,1.0,1.0,FIFA World Cup qualification,Guayaquil,Ecuador,False
2022-03-29,Chile,Uruguay,0.0,2.0,FIFA World Cup qualification,Santiago,Chile,False
2022-03-30,Panama,Canada,1.0,0.0,FIFA World Cup qualification,Panama City,Panama,False
2022-06-02,Panama,Costa Rica,2.0,0.0,CONCACAF Nations League,Panama City,Panama,False
2022-06-02,Czech Republic,Switzerland,2.0,1.0,UEFA Nations League,Prague,Czech Republic,False
2022-06-02,Spain,Portugal,1.0,1.0,UEFA Nations League,Seville,Spain,False
2022-06-03,Croatia,Austria,0.0,3.0,UEFA Nations League,Osijek,Croatia,False
2022-06-03,France,Denmark,1.0,2.0,UEFA Nations League,Paris,France,False
2022-06-03,Belgium,Netherlands,1.0,4.0,UEFA Nations League,Brussels,Belgium,False
2022-06-05,Portugal,Switzerland,4.0,0.0,UEFA Nations League,Lisbon,Portugal,False
2022-06-05,Czech Republic,Spain,2.0,2.0,UEFA Nations League,Prague,Czech Republic,False
2022-06-06,Austria,Denmark,1.0,2.0,UEFA Nations League,Vienna,Austria,False
2022-06-06,Croatia,France,1.0,1.0,UEFA Nations League,Split,Croatia,False
2022-06-07,Germany,England,1.0,1.0,UEFA Nations League,Munich,Germany,False
2022-06-07,United Arab Emirates,Australia,1.0,2.0,FIFA World Cup qualification,Al Rayyan,Qatar,True
2022-06-08,Belgium,Poland,6.0,1.0,UEFA Nations League,Brussels,Belgium,False
2022-06-09,Portugal,Czech Republic,2.0,0.0,UEFA Nations League,Lisbon,Portugal,False
2022-06-09,Switzerland,Spain,0.0,1.0,UEFA Nations League,Geneva,Switzerland,False
2022-06-10,Austria,France,1.0,1.0,UEFA Nations League,Vienna,Austria,False
2022-06-10,Denmark,Croatia,0.0,1.0,UEFA Nations League,Copenhagen,Denmark,False
2022-06-10,Chile,Tunisia,0.0,2.0,Kirin Cup,Kobe,Japan,True
2022-06-10,Japan,Ghana,4.0,1.0,Kirin Cup,Kobe,Japan,False
2022-06-11,Netherlands,Poland,2.0,2.0,UEFA Nations League,Rotterdam,Netherlands,False
2022-06-12,Spain,Czech Republic,2.0,0.0,UEFA Nations League,Málaga,Spain,False
2022-06-12,Switzerland,Portugal,1.0,0.0,UEFA Nations League,Geneva,Switzerland,False
2022-06-13,Australia,Peru,0.0,0.0,FIFA World Cup qualification,Al Rayyan,Qatar,True
2022-06-13,Denmark,Austria,2.0,0.0,UEFA Nations League,Copenhagen,Denmark,False
2022-06-13,France,Croatia,0.0,1.0,UEFA Nations League,Paris,France,False
2022-06-14,Costa Rica,New Zealand,1.0,0.0,FIFA World Cup qualification,Al Rayyan,Qatar,True
2022-06-14,Jamaica,Mexico,1.0,1.0,CONCACAF Nations League,Kingston,Jamaica,False
2022-06-14,Poland,Belgium,0.0,1.0,UEFA Nations League,Warsaw,Poland,False
2022-06-14,Chile,Ghana,0.0,0.0,Kirin Cup,Suita,Japan,True
2022-06-14,Japan,Tunisia,0.0,3.0,Kirin Cup,Suita,Japan,False
2022-07-27,Japan,South Korea,3.0,0.0,EAFF Championship,Toyota,Japan,False
2022-09-22,Croatia,Denmark,2.0,1.0,UEFA Nations League,Zagreb,Croatia,False
2022-09-22,France,Austria,2.0,0.0,UEFA Nations League,Paris,France,False
2022-09-22,Poland,Netherlands,0.0,2.0,UEFA Nations League,Warsaw,Poland,False
2022-09-24,Czech Republic,Portugal,0.0,4.0,UEFA Nations League,Prague,Czech Republic,False
2022-09-24,Spain,Switzerland,1.0,2.0,UEFA Nations League,Zaragoza,Spain,False
2022-09-25,Austria,Croatia,1.0,3.0,UEFA Nations League,Vienna,Austria,False
2022-09-25,Denmark,France,2.0,0.0,UEFA Nations League,Copenhagen,Denmark,False
2022-09-25,Netherlands,Belgium,1.0,0.0,UEFA Nations League,Amsterdam,Netherlands,False
2022-09-26,England,Germany,3.0,3.0,UEFA Nations League,London,England,False
2022-09-27,Ecuador,Japan,0.0,0.0,Kirin Challenge Cup,Düsseldorf,Germany,True
2022-09-27,Portugal,Spain,0.0,1.0,UEFA Nations League,Braga,Portugal,False
2022-09-27,Switzerland,Czech Republic,2.0,1.0,UEFA Nations League,St. Gallen,Switzerland,False
2022-11-20,Qatar,Ecuador,0.0,2.0,FIFA World Cup,Al Khor,Qatar,False
2022-11-21,Senegal,Netherlands,0.0,2.0,FIFA World Cup,Doha,Qatar,True
2022-11-21,England,Iran,6.0,2.0,FIFA World Cup,Al Rayyan,Qatar,True
2022-11-22,Argentina,Saudi Arabia,1.0,2.0,FIFA World Cup,Lusail,Qatar,True
2022-11-22,Mexico,Poland,0.0,0.0,FIFA World Cup,Doha,Qatar,True
2022-11-22,Denmark,Tunisia,0.0,0.0,FIFA World Cup,Al Rayyan,Qatar,True
2022-11-22,France,Australia,4.0,1.0,FIFA World Cup,Al Wakrah,Qatar,True
2022-11-23,Germany,Japan,1.0,2.0,FIFA World Cup,Al Rayyan,Qatar,True
2022-11-23,Spain,Costa Rica,7.0,0.0,FIFA World Cup,Doha,Qatar,True
2022-11-23,Morocco,Croatia,0.0,0.0,FIFA World Cup,Al Khor,Qatar,True
2022-11-23,Belgium,Canada,1.0,0.0,FIFA World Cup,Al Rayyan,Qatar,True
2022-11-24,Switzerland,Cameroon,1.0,0.0,FIFA World Cup,Al Wakrah,Qatar,True
2022-11-24,Brazil,Serbia,2.0,0.0,FIFA World Cup,Lusail,Qatar,True
2022-11-24,Uruguay,South Korea,0.0,0.0,FIFA World Cup,Al Rayyan,Qatar,True
2022-11-24,Portugal,Ghana,3.0,2.0,FIFA World Cup,Doha,Qatar,True
2022-11-25,Qatar,Senegal,1.0,3.0,FIFA World Cup,Doha,Qatar,False
2022-11-25,Netherlands,Ecuador,1.0,1.0,FIFA World Cup,Al Rayyan,Qatar,True
2022-11-26,Poland,Saudi Arabia,2.0,0.0,FIFA World Cup,Al Rayyan,Qatar,True
2022-11-26,Argentina,Mexico,2.0,0.0,FIFA World Cup,Lusail,Qatar,True
2022-11-26,Tunisia,Australia,0.0,1.0,FIFA World Cup,Al Wakrah,Qatar,True
2022-11-26,France,Denmark,2.0,1.0,FIFA World Cup,Doha,Qatar,True
2022-11-27,Japan,Costa Rica,0.0,1.0,FIFA World Cup,Al Rayyan,Qatar,True
2022-11-27,Spain,Germany,1.0,1.0,FIFA World Cup,Al Khor,Qatar,True
2022-11-27,Belgium,Morocco,0.0,2.0,FIFA World Cup,Doha,Qatar,True
2022-11-27,Croatia,Canada,4.0,1.0,FIFA World Cup,Al Rayyan,Qatar,True
2022-11-28,Cameroon,Serbia,3.0,3.0,FIFA World Cup,Al Wakrah,Qatar,True
2022-11-28,Brazil,Switzerland,1.0,0.0,FIFA World Cup,Doha,Qatar,True
2022-11-28,South Korea,Ghana,2.0,3.0,FIFA World Cup,Al Rayyan,Qatar,True
2022-11-28,Portugal,Uruguay,2.0,0.0,FIFA World Cup,Lusail,Qatar,True
2022-11-29,Ecuador,Senegal,1.0,2.0,FIFA World Cup,Al Rayyan,Qatar,True
2022-11-29,Qatar,Netherlands,0.0,2.0,FIFA World Cup,Al Khor,Qatar,False
2022-11-30,Poland,Argentina,0.0,2.0,FIFA World Cup,Doha,Qatar,True
2022-11-30,Saudi Arabia,Mexico,1.0,2.0,FIFA World Cup,Lusail,Qatar,True
2022-11-30,Australia,Denmark,1.0,0.0,FIFA World Cup,Al Wakrah,Qatar,True
2022-11-30,Tunisia,France,1.0,0.0,FIFA World Cup,Al Rayyan,Qatar,True
2022-12-01,Japan,Spain,2.0,1.0,FIFA World Cup,Al Rayyan,Qatar,True
2022-12-01,Costa Rica,Germany,2.0,4.0,FIFA World Cup,Al Khor,Qatar,True
2022-12-01,Croatia,Belgium,0.0,0.0,FIFA World Cup,Al Rayyan,Qatar,True
2022-12-01,Canada,Morocco,1.0,2.0,FIFA World Cup,Doha,Qatar,True
2022-12-02,Serbia,Switzerland,2.0,3.0,FIFA World Cup,Doha,Qatar,True
2022-12-02,Cameroon,Brazil,1.0,0.0,FIFA World Cup,Lusail,Qatar,True
2022-12-02,Ghana,Uruguay,0.0,2.0,FIFA World Cup,Al Wakrah,Qatar,True
2022-12-02,South Korea,Portugal,2.0,1.0,FIFA World Cup,Al Rayyan,Qatar,True
2022-12-03,Argentina,Australia,2.0,1.0,FIFA World Cup,Al Rayyan,Qatar,True
2022-12-04,France,Poland,3.0,1.0,FIFA World Cup,Doha,Qatar,True
2022-12-04,England,Senegal,3.0,0.0,FIFA World Cup,Al Khor,Qatar,True
2022-12-05,Japan,Croatia,1.0,1.0,FIFA World Cup,Al Wakrah,Qatar,True
2022-12-05,Brazil,South Korea,4.0,1.0,FIFA World Cup,Doha,Qatar,True
2022-12-06,Morocco,Spain,0.0,0.0,FIFA World Cup,Al Rayyan,Qatar,True
2022-12-06,Portugal,Switzerland,6.0,1.0,FIFA World Cup,Lusail,Qatar,True
2022-12-09,Croatia,Brazil,1.0,1.0,FIFA World Cup,Al Rayyan,Qatar,True
2022-12-09,Netherlands,Argentina,2.0,2.0,FIFA World Cup,Lusail,Qatar,True
2022-12-10,Morocco,Portugal,1.0,0.0,FIFA World Cup,Doha,Qatar,True
2022-12-10,England,France,1.0,2.0,FIFA World Cup,Al Khor,Qatar,True
2022-12-13,Argentina,Croatia,3.0,0.0,FIFA World Cup,Lusail,Qatar,True
2022-12-14,France,Morocco,2.0,0.0,FIFA World Cup,Al Khor,Qatar,True
2022-12-17,Croatia,Morocco,2.0,1.0,FIFA World Cup,Al Rayyan,Qatar,True
2022-12-18,Argentina,France,3.0,3.0,FIFA World Cup,Lusail,Qatar,True
2023-01-09,Iraq,Saudi Arabia,2.0,0.0,Gulf Cup,Basra,Iraq,False
2023-01-13,Qatar,United Arab Emirates,1.0,1.0,Gulf Cup,Basra,Iraq,True
2023-01-16,Iraq,Qatar,2.0,1.0,Gulf Cup,Basra,Iraq,False
2023-03-24,France,Netherlands,4.0,0.0,UEFA Euro qualification,Paris,France,False
2023-03-24,Czech Republic,Poland,3.0,1.0,UEFA Euro qualification,Prague,Czech Republic,False
2023-03-26,England,Ukraine,2.0,0.0,UEFA Euro qualification,London,England,False
2023-03-26,Mexico,Jamaica,2.0,2.0,CONCACAF Nations League,Mexico City,Mexico,False
2023-03-28,Turkey,Croatia,0.0,2.0,UEFA Euro qualification,Bursa,Turkey,False
2023-03-28,Costa Rica,Panama,0.0,1.0,CONCACAF Nations League,San José,Costa Rica,False
2023-06-14,Netherlands,Croatia,2.0,4.0,UEFA Nations League,Rotterdam,Netherlands,False
2023-06-15,Panama,Canada,0.0,2.0,CONCACAF Nations League,Las Vegas,United States,True
2023-06-17,Belgium,Austria,1.0,1.0,UEFA Euro qualification,Brussels,Belgium,False
2023-06-18,Panama,Mexico,0.0,1.0,CONCACAF Nations League,Las Vegas,United States,True
2023-06-18,Croatia,Spain,0.0,0.0,UEFA Nations League,Rotterdam,Netherlands,True
2023-06-20,Uzbekistan,Iran,0.0,1.0,CAFA Nations Cup,Tashkent,Uzbekistan,False
2023-06-26,Costa Rica,Panama,1.0,2.0,Gold Cup,Fort Lauderdale,United States,True
2023-07-02,Mexico,Qatar,0.0,1.0,Gold Cup,Santa Clara,United States,True
2023-07-08,Panama,Qatar,4.0,0.0,Gold Cup,Arlington,United States,True
2023-07-08,Mexico,Costa Rica,2.0,0.0,Gold Cup,Arlington,United States,True
2023-07-12,Jamaica,Mexico,0.0,3.0,Gold Cup,Paradise,United States,True
2023-07-16,Mexico,Panama,1.0,0.0,Gold Cup,Inglewood,United States,True
2023-09-07,Argentina,Ecuador,1.0,0.0,FIFA World Cup qualification,Buenos Aires,Argentina,False
2023-09-08,Uruguay,Chile,3.0,1.0,FIFA World Cup qualification,Montevideo,Uruguay,False
2023-09-09,Ukraine,England,1.0,1.0,UEFA Euro qualification,Wrocław,Poland,True
2023-09-12,Ecuador,Uruguay,2.0,1.0,FIFA World Cup qualification,Quito,Ecuador,False
2023-09-12,Peru,Brazil,0.0,1.0,FIFA World Cup qualification,Lima,Peru,False
2023-09-12,Chile,Colombia,0.0,0.0,FIFA World Cup qualification,Santiago,Chile,False
2023-10-12,Colombia,Uruguay,2.0,2.0,FIFA World Cup qualification,Barranquilla,Colombia,False
2023-10-12,Chile,Peru,2.0,0.0,FIFA World Cup qualification,Santiago,Chile,False
2023-10-12,Croatia,Turkey,0.0,1.0,UEFA Euro qualification,Osijek,Croatia,False
2023-10-13,Netherlands,France,1.0,2.0,UEFA Euro qualification,Amsterdam,Netherlands,False
2023-10-13,Austria,Belgium,2.0,3.0,UEFA Euro qualification,Vienna,Austria,False
2023-10-17,Ecuador,Colombia,0.0,0.0,FIFA World Cup qualification,Quito,Ecuador,False
2023-10-17,Peru,Argentina,0.0,2.0,FIFA World Cup qualification,Lima,Peru,False
2023-10-17,Uruguay,Brazil,2.0,0.0,FIFA World Cup qualification,Montevideo,Uruguay,False
2023-10-17,Australia,New Zealand,2.0,0.0,Soccer Ashes,Brentford,England,True
2023-11-16,Costa Rica,Panama,0.0,3.0,CONCACAF Nations League,San José,Costa Rica,False
2023-11-16,Colombia,Brazil,2.0,1.0,FIFA World Cup qualification,Barranquilla,Colombia,False
2023-11-16,Argentina,Uruguay,0.0,2.0,FIFA World Cup qualification,Buenos Aires,Argentina,False
2023-11-17,Poland,Czech Republic,1.0,1.0,UEFA Euro qualification,Warsaw,Poland,False
2023-11-18,Jamaica,Canada,1.0,2.0,CONCACAF Nations League,Kingston,Jamaica,False
2023-11-20,Panama,Costa Rica,3.0,1.0,CONCACAF Nations League,Panama City,Panama,False
2023-11-21,Canada,Jamaica,2.0,3.0,CONCACAF Nations League,Toronto,Canada,False
2023-11-21,Ecuador,Chile,1.0,0.0,FIFA World Cup qualification,Quito,Ecuador,False
2023-11-21,Brazil,Argentina,0.0,1.0,FIFA World Cup qualification,Rio de Janeiro,Brazil,False
2023-11-21,Uzbekistan,Iran,2.0,2.0,FIFA World Cup qualification,Tashkent,Uzbekistan,False
2024-01-18,Ivory Coast,Nigeria,0.0,1.0,African Cup of Nations,Ebimpé,Ivory Coast,False
2024-01-18,Egypt,Ghana,2.0,2.0,African Cup of Nations,Abidjan,Ivory Coast,True
2024-01-19,Iraq,Japan,2.0,1.0,AFC Asian Cup,Al Rayyan,Qatar,True
2024-01-19,Senegal,Cameroon,3.0,1.0,African Cup of Nations,Yamoussoukro,Ivory Coast,True
2024-01-23,Australia,Uzbekistan,1.0,1.0,AFC Asian Cup,Al Wakrah,Qatar,True
2024-01-23,Iran,United Arab Emirates,2.0,1.0,AFC Asian Cup,Al Rayyan,Qatar,True
2024-01-27,Nigeria,Cameroon,2.0,0.0,African Cup of Nations,Abidjan,Ivory Coast,True
2024-01-29,Ivory Coast,Senegal,1.0,1.0,African Cup of Nations,Yamoussoukro,Ivory Coast,False
2024-01-30,Saudi Arabia,South Korea,1.0,1.0,AFC Asian Cup,Al Rayyan,Qatar,True
2024-02-02,Australia,South Korea,1.0,2.0,AFC Asian Cup,Al Wakrah,Qatar,True
2024-02-03,Iran,Japan,2.0,1.0,AFC Asian Cup,Al Rayyan,Qatar,True
2024-02-03,Qatar,Uzbekistan,1.0,1.0,AFC Asian Cup,Al Khor,Qatar,False
2024-02-07,Qatar,Iran,3.0,2.0,AFC Asian Cup,Doha,Qatar,False
2024-02-11,Ivory Coast,Nigeria,2.0,1.0,African Cup of Nations,Ebimpé,Ivory Coast,False
2024-03-21,Panama,Mexico,0.0,3.0,CONCACAF Nations League,Arlington,United States,True
2024-03-22,Egypt,New Zealand,1.0,0.0,FIFA Series,Cairo,Egypt,False
2024-03-23,Tunisia,Croatia,0.0,0.0,FIFA Series,Cairo,Egypt,True
2024-03-24,Jamaica,Panama,1.0,0.0,CONCACAF Nations League,Arlington,United States,True
2024-03-26,Egypt,Croatia,2.0,4.0,FIFA Series,Cairo,Egypt,False
2024-03-26,New Zealand,Tunisia,0.0,0.0,FIFA Series,Cairo,Egypt,True
2024-06-11,Iran,Uzbekistan,0.0,0.0,FIFA World Cup qualification,Tehran,Iran,False
2024-06-15,Spain,Croatia,3.0,0.0,UEFA Euro,Berlin,Germany,True
2024-06-16,Serbia,England,0.0,1.0,UEFA Euro,Gelsenkirchen,Germany,True
2024-06-16,Poland,Netherlands,1.0,2.0,UEFA Euro,Hamburg,Germany,True
2024-06-17,Austria,France,0.0,1.0,UEFA Euro,Düsseldorf,Germany,True
2024-06-18,Portugal,Czech Republic,2.0,1.0,UEFA Euro,Leipzig,Germany,True
2024-06-20,Denmark,England,1.0,1.0,UEFA Euro,Frankfurt,Germany,True
2024-06-20,Argentina,Canada,2.0,0.0,Copa América,Atlanta,United States,True
2024-06-21,Poland,Austria,1.0,3.0,UEFA Euro,Berlin,Germany,True
2024-06-21,Netherlands,France,0.0,0.0,UEFA Euro,Leipzig,Germany,True
2024-06-21,Peru,Chile,0.0,0.0,Copa América,Arlington,United States,True
2024-06-22,Turkey,Portugal,0.0,3.0,UEFA Euro,Dortmund,Germany,True
2024-06-22,Mexico,Jamaica,1.0,0.0,Copa América,Houston,United States,True
2024-06-23,Germany,Switzerland,1.0,1.0,UEFA Euro,Frankfurt,Germany,False
2024-06-23,Uruguay,Panama,3.0,1.0,Copa América,Miami Gardens,United States,True
2024-06-24,Brazil,Costa Rica,0.0,0.0,Copa América,Inglewood,United States,True
2024-06-25,Denmark,Serbia,0.0,0.0,UEFA Euro,Munich,Germany,True
2024-06-25,Netherlands,Austria,2.0,3.0,UEFA Euro,Berlin,Germany,True
2024-06-25,France,Poland,1.0,1.0,UEFA Euro,Dortmund,Germany,True
2024-06-25,Peru,Canada,0.0,1.0,Copa América,Kansas City,United States,True
2024-06-25,Chile,Argentina,0.0,1.0,Copa América,East Rutherford,United States,True
2024-06-26,Ukraine,Belgium,0.0,0.0,UEFA Euro,Stuttgart,Germany,True
2024-06-26,Czech Republic,Turkey,1.0,2.0,UEFA Euro,Hamburg,Germany,True
2024-06-26,Ecuador,Jamaica,3.0,1.0,Copa América,Las Vegas,United States,True
2024-06-28,Colombia,Costa Rica,3.0,0.0,Copa América,Glendale,United States,True
2024-06-29,Germany,Denmark,2.0,0.0,UEFA Euro,Dortmund,Germany,False
2024-06-29,Argentina,Peru,2.0,0.0,Copa América,Miami Gardens,United States,True
2024-06-29,Canada,Chile,0.0,0.0,Copa América,Orlando,United States,True
2024-06-30,Mexico,Ecuador,0.0,0.0,Copa América,Glendale,United States,True
2024-07-01,France,Belgium,1.0,0.0,UEFA Euro,Düsseldorf,Germany,True
2024-07-02,Austria,Turkey,1.0,2.0,UEFA Euro,Leipzig,Germany,True
2024-07-02,Brazil,Colombia,1.0,1.0,Copa América,Santa Clara,United States,True
2024-07-04,Argentina,Ecuador,1.0,1.0,Copa América,Houston,United States,True
2024-07-05,Germany,Spain,1.0,2.0,UEFA Euro,Stuttgart,Germany,False
2024-07-05,Portugal,France,0.0,0.0,UEFA Euro,Hamburg,Germany,True
2024-07-06,England,Switzerland,1.0,1.0,UEFA Euro,Düsseldorf,Germany,True
2024-07-06,Netherlands,Turkey,2.0,1.0,UEFA Euro,Berlin,Germany,True
2024-07-06,Uruguay,Brazil,0.0,0.0,Copa América,Las Vegas,United States,True
2024-07-06,Colombia,Panama,5.0,0.0,Copa América,Glendale,United States,True
2024-07-09,Spain,France,2.0,1.0,UEFA Euro,Munich,Germany,True
2024-07-09,Argentina,Canada,2.0,0.0,Copa América,East Rutherford,United States,True
2024-07-10,Netherlands,England,1.0,2.0,UEFA Euro,Dortmund,Germany,True
2024-07-10,Uruguay,Colombia,0.0,1.0,Copa América,Charlotte,United States,True
2024-07-13,Canada,Uruguay,2.0,2.0,Copa América,Charlotte,United States,True
2024-07-14,Spain,England,2.0,1.0,UEFA Euro,Berlin,Germany,True
2024-07-14,Argentina,Colombia,1.0,0.0,Copa América,Miami Gardens,United States,True
2024-09-05,Portugal,Croatia,2.0,1.0,UEFA Nations League,Lisbon,Portugal,False
2024-09-05,Denmark,Switzerland,2.0,0.0,UEFA Nations League,Copenhagen,Denmark,False
2024-09-05,Serbia,Spain,0.0,0.0,UEFA Nations League,Belgrade,Serbia,False
2024-09-05,Argentina,Chile,3.0,0.0,FIFA World Cup qualification,Buenos Aires,Argentina,False
2024-09-05,Qatar,United Arab Emirates,1.0,3.0,FIFA World Cup qualification,Al Rayyan,Qatar,False
2024-09-06,Peru,Colombia,1.0,1.0,FIFA World Cup qualification,Lima,Peru,False
2024-09-06,Brazil,Ecuador,1.0,0.0,FIFA World Cup qualification,Curitiba,Brazil,False
2024-09-08,Croatia,Poland,1.0,0.0,UEFA Nations League,Osijek,Croatia,False
2024-09-08,Denmark,Serbia,2.0,0.0,UEFA Nations League,Copenhagen,Denmark,False
2024-09-08,Switzerland,Spain,1.0,4.0,UEFA Nations League,Geneva,Switzerland,False
2024-09-09,France,Belgium,2.0,0.0,UEFA Nations League,Décines-Charpieu,France,False
2024-09-10,Netherlands,Germany,2.0,2.0,UEFA Nations League,Amsterdam,Netherlands,False
2024-09-10,Czech Republic,Ukraine,3.0,2.0,UEFA Nations League,Prague,Czech Republic,False
2024-09-10,Colombia,Argentina,2.0,1.0,FIFA World Cup qualification,Barranquilla,Colombia,False
2024-09-10,Ecuador,Peru,1.0,0.0,FIFA World Cup qualification,Quito,Ecuador,False
2024-09-10,United Arab Emirates,Iran,0.0,1.0,FIFA World Cup qualification,Al Ain,United Arab Emirates,False
2024-10-10,Chile,Brazil,1.0,2.0,FIFA World Cup qualification,Santiago,Chile,False
2024-10-10,Uzbekistan,Iran,0.0,0.0,FIFA World Cup qualification,Tashkent,Uzbekistan,False
2024-10-10,Saudi Arabia,Japan,0.0,2.0,FIFA World Cup qualification,Jeddah,Saudi Arabia,False
2024-10-11,Peru,Uruguay,1.0,0.0,FIFA World Cup qualification,Lima,Peru,False
2024-10-12,Poland,Portugal,1.0,3.0,UEFA Nations League,Warsaw,Poland,False
2024-10-12,Serbia,Switzerland,2.0,0.0,UEFA Nations League,Leskovac,Serbia,False
2024-10-12,Spain,Denmark,1.0,0.0,UEFA Nations League,Murcia,Spain,False
2024-10-14,Belgium,France,1.0,2.0,UEFA Nations League,Leuven,Belgium,False
2024-10-14,Germany,Netherlands,1.0,0.0,UEFA Nations League,Munich,Germany,False
2024-10-14,Ukraine,Czech Republic,1.0,1.0,UEFA Nations League,Wrocław,Poland,True
2024-10-15,Poland,Croatia,3.0,3.0,UEFA Nations League,Warsaw,Poland,False
2024-10-15,Spain,Serbia,3.0,0.0,UEFA Nations League,Córdoba,Spain,False
2024-10-15,Switzerland,Denmark,2.0,2.0,UEFA Nations League,St. Gallen,Switzerland,False
2024-10-15,Colombia,Chile,4.0,0.0,FIFA World Cup qualification,Barranquilla,Colombia,False
2024-10-15,Uruguay,Ecuador,0.0,0.0,FIFA World Cup qualification,Montevideo,Uruguay,False
2024-10-15,Brazil,Peru,4.0,0.0,FIFA World Cup qualification,Brasília,Brazil,False
2024-10-15,Uzbekistan,United Arab Emirates,1.0,0.0,FIFA World Cup qualification,Tashkent,Uzbekistan,False
2024-10-15,Iran,Qatar,4.0,1.0,FIFA World Cup qualification,Dubai,United Arab Emirates,True
2024-10-15,South Korea,Iraq,3.0,2.0,FIFA World Cup qualification,Yongin,South Korea,False
2024-10-15,Japan,Australia,1.0,1.0,FIFA World Cup qualification,Saitama,Japan,False
2024-11-14,Costa Rica,Panama,0.0,1.0,CONCACAF Nations League,San José,Costa Rica,False
2024-11-14,Qatar,Uzbekistan,3.0,2.0,FIFA World Cup qualification,Al Rayyan,Qatar,False
2024-11-14,Australia,Saudi Arabia,0.0,0.0,FIFA World Cup qualification,Melbourne,Australia,False
2024-11-15,Portugal,Poland,5.0,1.0,UEFA Nations League,Porto,Portugal,False
2024-11-15,Denmark,Spain,1.0,2.0,UEFA Nations League,Copenhagen,Denmark,False
2024-11-15,Switzerland,Serbia,1.0,1.0,UEFA Nations League,Zürich,Switzerland,False
2024-11-15,Peru,Chile,0.0,0.0,FIFA World Cup qualification,Lima,Peru,False
2024-11-15,Uruguay,Colombia,3.0,2.0,FIFA World Cup qualification,Montevideo,Uruguay,False
2024-11-18,Croatia,Portugal,1.0,1.0,UEFA Nations League,Split,Croatia,False
2024-11-18,Serbia,Denmark,0.0,0.0,UEFA Nations League,Leskovac,Serbia,False
2024-11-18,Spain,Switzerland,3.0,2.0,UEFA Nations League,Santa Cruz de Tenerife,Spain,False
2024-11-18,Panama,Costa Rica,2.0,2.0,CONCACAF Nations League,Panama City,Panama,False
2024-11-19,Colombia,Ecuador,0.0,1.0,FIFA World Cup qualification,Barranquilla,Colombia,False
2024-11-19,Argentina,Peru,1.0,0.0,FIFA World Cup qualification,Buenos Aires,Argentina,False
2024-11-19,Brazil,Uruguay,1.0,1.0,FIFA World Cup qualification,Salvador,Brazil,False
2024-11-19,United Arab Emirates,Qatar,5.0,0.0,FIFA World Cup qualification,Abu Dhabi,United Arab Emirates,False
2024-12-21,Qatar,United Arab Emirates,1.0,1.0,Gulf Cup,Sulaibikhat,Kuwait,True
2024-12-28,Iraq,Saudi Arabia,1.0,3.0,Gulf Cup,Kuwait City,Kuwait,True
2025-03-20,Canada,Mexico,0.0,2.0,CONCACAF Nations League,Inglewood,United States,True
2025-03-20,Croatia,France,2.0,0.0,UEFA Nations League,Split,Croatia,False
2025-03-20,Denmark,Portugal,1.0,0.0,UEFA Nations League,Copenhagen,Denmark,False
2025-03-20,Netherlands,Spain,2.0,2.0,UEFA Nations League,Rotterdam,Netherlands,False
2025-03-20,Austria,Serbia,1.0,1.0,UEFA Nations League,Vienna,Austria,False
2025-03-20,Ukraine,Belgium,3.0,1.0,UEFA Nations League,Murcia,Spain,True
2025-03-20,Brazil,Colombia,2.0,1.0,FIFA World Cup qualification,Brasília,Brazil,False
2025-03-20,Iran,United Arab Emirates,2.0,0.0,FIFA World Cup qualification,Tehran,Iran,False
2025-03-21,Uruguay,Argentina,0.0,1.0,FIFA World Cup qualification,Montevideo,Uruguay,False
2025-03-23,Panama,Mexico,1.0,2.0,CONCACAF Nations League,Inglewood,United States,True
2025-03-23,France,Croatia,2.0,0.0,UEFA Nations League,Paris,France,False
2025-03-23,Portugal,Denmark,5.0,2.0,UEFA Nations League,Lisbon,Portugal,False
2025-03-23,Spain,Netherlands,3.0,3.0,UEFA Nations League,Valencia,Spain,False
2025-03-23,Belgium,Ukraine,3.0,0.0,UEFA Nations League,Genk,Belgium,False
2025-03-23,Serbia,Austria,2.0,0.0,UEFA Nations League,Belgrade,Serbia,False
2025-03-25,Argentina,Brazil,4.0,1.0,FIFA World Cup qualification,Buenos Aires,Argentina,False
2025-03-25,Chile,Ecuador,0.0,0.0,FIFA World Cup qualification,Santiago,Chile,False
2025-03-25,Iran,Uzbekistan,2.0,2.0,FIFA World Cup qualification,Tehran,Iran,False
2025-03-25,Japan,Saudi Arabia,0.0,0.0,FIFA World Cup qualification,Saitama,Japan,False
2025-05-28,Nigeria,Ghana,2.0,1.0,Unity Cup,London,England,True
2025-05-31,Jamaica,Nigeria,2.0,2.0,Unity Cup,London,England,True
2025-06-04,Germany,Portugal,1.0,2.0,UEFA Nations League,Munich,Germany,False
2025-06-05,Spain,France,5.0,4.0,UEFA Nations League,Stuttgart,Germany,True
2025-06-05,Ecuador,Brazil,0.0,0.0,FIFA World Cup qualification,Guayaquil,Ecuador,False
2025-06-05,Chile,Argentina,0.0,1.0,FIFA World Cup qualification,Santiago,Chile,False
2025-06-05,United Arab Emirates,Uzbekistan,0.0,0.0,FIFA World Cup qualification,Abu Dhabi,United Arab Emirates,False
2025-06-05,Qatar,Iran,1.0,0.0,FIFA World Cup qualification,Al Rayyan,Qatar,False
2025-06-05,Iraq,South Korea,0.0,2.0,FIFA World Cup qualification,Basra,Iraq,False
2025-06-05,Australia,Japan,1.0,0.0,FIFA World Cup qualification,Perth,Australia,False
2025-06-06,Colombia,Peru,0.0,0.0,FIFA World Cup qualification,Barranquilla,Colombia,False
2025-06-07,Canada,Ukraine,4.0,2.0,Canadian Shield,Toronto,Canada,False
2025-06-07,Ivory Coast,New Zealand,0.0,1.0,Canadian Shield,Toronto,Canada,True
2025-06-08,Germany,France,0.0,2.0,UEFA Nations League,Stuttgart,Germany,False
2025-06-08,Portugal,Spain,2.0,2.0,UEFA Nations League,Munich,Germany,True
2025-06-09,Croatia,Czech Republic,5.0,1.0,FIFA World Cup qualification,Osijek,Croatia,False
2025-06-10,Peru,Ecuador,0.0,0.0,FIFA World Cup qualification,Lima,Peru,False
2025-06-10,Argentina,Colombia,1.0,1.0,FIFA World Cup qualification,Buenos Aires,Argentina,False
2025-06-10,Uzbekistan,Qatar,3.0,0.0,FIFA World Cup qualification,Tashkent,Uzbekistan,False
2025-06-10,Saudi Arabia,Australia,1.0,2.0,FIFA World Cup qualification,Jeddah,Saudi Arabia,False
2025-06-10,New Zealand,Ukraine,1.0,2.0,Canadian Shield,Toronto,Canada,True
2025-06-10,Canada,Ivory Coast,0.0,0.0,Canadian Shield,Toronto,Canada,False
2025-06-22,Mexico,Costa Rica,0.0,0.0,Gold Cup,Paradise,United States,True
2025-06-24,Panama,Jamaica,4.0,1.0,Gold Cup,Austin,United States,True
2025-06-28,Mexico,Saudi Arabia,2.0,0.0,Gold Cup,Glendale,United States,True
2025-09-04,Uruguay,Peru,3.0,0.0,FIFA World Cup qualification,Montevideo,Uruguay,False
2025-09-04,Brazil,Chile,3.0,0.0,FIFA World Cup qualification,Rio de Janeiro,Brazil,False
2025-09-04,Netherlands,Poland,1.0,1.0,FIFA World Cup qualification,Rotterdam,Netherlands,False
2025-09-05,Australia,New Zealand,1.0,0.0,Soccer Ashes,Canberra,Australia,False
2025-09-05,Ukraine,France,0.0,2.0,FIFA World Cup qualification,Wrocław,Poland,True
2025-09-07,Turkey,Spain,0.0,6.0,FIFA World Cup qualification,Konya,Turkey,False
2025-09-09,New Zealand,Australia,1.0,3.0,Soccer Ashes,Auckland,New Zealand,False
2025-09-09,Ecuador,Argentina,1.0,0.0,FIFA World Cup qualification,Guayaquil,Ecuador,False
2025-09-09,Chile,Uruguay,0.0,0.0,FIFA World Cup qualification,Santiago,Chile,False
2025-09-09,Serbia,England,0.0,5.0,FIFA World Cup qualification,Belgrade,Serbia,False
2025-10-09,Czech Republic,Croatia,0.0,0.0,FIFA World Cup qualification,Prague,Czech Republic,False
2025-10-14,Japan,Brazil,3.0,2.0,Kirin Cup,Tokyo,Japan,False
2025-10-14,Qatar,United Arab Emirates,2.0,1.0,FIFA World Cup qualification,Al Rayyan,Qatar,False
2025-10-14,Saudi Arabia,Iraq,0.0,0.0,FIFA World Cup qualification,Jeddah,Saudi Arabia,False
2025-11-13,United Arab Emirates,Iraq,1.0,1.0,FIFA World Cup qualification,Abu Dhabi,United Arab Emirates,False
2025-11-13,France,Ukraine,4.0,0.0,FIFA World Cup qualification,Paris,France,False
2025-11-13,England,Serbia,2.0,0.0,FIFA World Cup qualification,London,England,False
2025-11-14,Japan,Ghana,2.0,0.0,Kirin Cup,Toyota,Japan,False
2025-11-14,Poland,Netherlands,1.0,1.0,FIFA World Cup qualification,Warsaw,Poland,False
2025-11-14,Uzbekistan,Egypt,2.0,0.0,Al Ain International Cup,Al Ain,United Arab Emirates,True
2025-11-18,Iraq,United Arab Emirates,2.0,1.0,FIFA World Cup qualification,Basra,Iraq,False
2025-11-18,Spain,Turkey,2.0,2.0,FIFA World Cup qualification,Seville,Spain,False
2025-11-18,Iran,Uzbekistan,0.0,0.0,Al Ain International Cup,Al Ain,United Arab Emirates,True
2025-12-06,United Arab Emirates,Egypt,1.0,1.0,Arab Cup,Lusail,Qatar,True
2025-12-07,Qatar,Tunisia,0.0,3.0,Arab Cup,Al Khor,Qatar,False
2025-12-08,Morocco,Saudi Arabia,1.0,0.0,Arab Cup,Lusail,Qatar,True
2025-12-09,Algeria,Iraq,2.0,0.0,Arab Cup,Al Rayyan,Qatar,True
2025-12-12,Algeria,United Arab Emirates,1.0,1.0,Arab Cup,Al Khor,Qatar,True
2025-12-15,Morocco,United Arab Emirates,3.0,0.0,Arab Cup,Al Rayyan,Qatar,True
2025-12-27,Nigeria,Tunisia,3.0,2.0,African Cup of Nations,Fez,Morocco,True
2025-12-28,Ivory Coast,Cameroon,1.0,1.0,African Cup of Nations,Marrakesh,Morocco,True
2026-01-09,Morocco,Cameroon,2.0,0.0,African Cup of Nations,Rabat,Morocco,False
2026-01-10,Algeria,Nigeria,0.0,2.0,African Cup of Nations,Marrakesh,Morocco,True
2026-01-10,Egypt,Ivory Coast,3.0,2.0,African Cup of Nations,Agadir,Morocco,True
2026-01-14,Senegal,Egypt,1.0,0.0,African Cup of Nations,Tangier,Morocco,True
2026-01-14,Morocco,Nigeria,0.0,0.0,African Cup of Nations,Rabat,Morocco,False
2026-01-17,Egypt,Nigeria,0.0,0.0,African Cup of Nations,Casablanca,Morocco,True
2026-01-18,Morocco,Senegal,3.0,0.0,African Cup of Nations,Rabat,Morocco,False
2026-03-27,Australia,Cameroon,1.0,0.0,FIFA Series,Sydney,Australia,False
2026-03-30,New Zealand,Chile,4.0,1.0,FIFA Series,Auckland,New Zealand,False
2026-03-31,Czech Republic,Denmark,2.0,2.0,FIFA World Cup qualification,Prague,Czech Republic,False
2026-05-30,Nigeria,Jamaica,3.0,0.0,Unity Cup,London,England,True
2026-06-11,South Korea,Czech Republic,,,FIFA World Cup,Zapopan,Mexico,True
2026-06-13,Qatar,Switzerland,,,FIFA World Cup,Santa Clara,United States,True
2026-06-13,Brazil,Morocco,,,FIFA World Cup,East Rutherford,United States,True
2026-06-13,Australia,Turkey,,,FIFA World Cup,Vancouver,Canada,True
2026-06-14,Ivory Coast,Ecuador,,,FIFA World Cup,Philadelphia,United States,True
2026-06-14,Netherlands,Japan,,,FIFA World Cup,Arlington,United States,True
2026-06-15,Belgium,Egypt,,,FIFA World Cup,Seattle,United States,True
2026-06-15,Iran,New Zealand,,,FIFA World Cup,Inglewood,United States,True
2026-06-15,Saudi Arabia,Uruguay,,,FIFA World Cup,Miami Gardens,United States,True
2026-06-16,France,Senegal,,,FIFA World Cup,East Rutherford,United States,True
2026-06-16,Argentina,Algeria,,,FIFA World Cup,Kansas City,United States,True
2026-06-17,Uzbekistan,Colombia,,,FIFA World Cup,Mexico City,Mexico,True
2026-06-17,England,Croatia,,,FIFA World Cup,Arlington,United States,True
2026-06-17,Ghana,Panama,,,FIFA World Cup,Toronto,Canada,True
2026-06-18,Mexico,South Korea,,,FIFA World Cup,Zapopan,Mexico,False
2026-06-18,Canada,Qatar,,,FIFA World Cup,Vancouver,Canada,False
2026-06-20,Germany,Ivory Coast,,,FIFA World Cup,Toronto,Canada,True
2026-06-20,Tunisia,Japan,,,FIFA World Cup,Guadalupe,Mexico,True
2026-06-21,Belgium,Iran,,,FIFA World Cup,Inglewood,United States,True
2026-06-21,New Zealand,Egypt,,,FIFA World Cup,Vancouver,Canada,True
2026-06-21,Spain,Saudi Arabia,,,FIFA World Cup,Atlanta,United States,True
2026-06-22,France,Iraq,,,FIFA World Cup,Philadelphia,United States,True
2026-06-22,Argentina,Austria,,,FIFA World Cup,Arlington,United States,True
2026-06-23,Portugal,Uzbekistan,,,FIFA World Cup,Houston,United States,True
2026-06-23,England,Ghana,,,FIFA World Cup,Foxborough,United States,True
2026-06-23,Panama,Croatia,,,FIFA World Cup,Toronto,Canada,True
2026-06-24,Mexico,Czech Republic,,,FIFA World Cup,Mexico City,Mexico,False
2026-06-24,Canada,Switzerland,,,FIFA World Cup,Vancouver,Canada,False
2026-06-25,Ecuador,Germany,,,FIFA World Cup,East Rutherford,United States,True
2026-06-25,Tunisia,Netherlands,,,FIFA World Cup,Kansas City,United States,True
2026-06-26,Egypt,Iran,,,FIFA World Cup,Seattle,United States,True
2026-06-26,New Zealand,Belgium,,,FIFA World Cup,Vancouver,Canada,True
2026-06-26,Uruguay,Spain,,,FIFA World Cup,Zapopan,Mexico,True
2026-06-26,Senegal,Iraq,,,FIFA World Cup,Toronto,Canada,True
2026-06-27,Algeria,Austria,,,FIFA World Cup,Kansas City,United States,True
2026-06-27,Colombia,Portugal,,,FIFA World Cup,Miami Gardens,United States,True
2026-06-27,Panama,England,,,FIFA World Cup,East Rutherford,United States,True
2026-06-27,Croatia,Ghana,,,FIFA World Cup,Philadelphia,United States,True
